maid,latitude,longitude,timestamp,adjusted_latitude,adjusted_longitude
d9f515f4-1a78-442b-81c4-55bf5f253b91_0,-7.77715,110.36733,2021-12-06 08:45:05,-7.777178964409262,110.3675517078608
d9f515f4-1a78-442b-81c4-55bf5f253b91_0,-7.77714,110.36734008789062,2021-12-06 08:45:50,-7.777167836430318,110.36755316164478
d9f515f4-1a78-442b-81c4-55bf5f253b91_0,-7.77876,110.3733367919922,2021-12-06 08:46:34,-7.7787407,110.3732826
d9f515f4-1a78-442b-81c4-55bf5f253b91_0,-7.77873,110.37332,2021-12-06 08:46:43,-7.778721449730664,110.3732876950372
d9f515f4-1a78-442b-81c4-55bf5f253b91_0,-7.77993,110.37306,2021-12-06 08:47:08,-7.779912349946936,110.37299366264742
d9f515f4-1a78-442b-81c4-55bf5f253b91_0,-7.77994,110.37305,2021-12-06 08:47:58,-7.7800742,110.3729506
d9f515f4-1a78-442b-81c4-55bf5f253b91_0,-7.779817,110.3730697631836,2021-12-06 08:49:06,-7.779723417058524,110.37309776078283
d9f515f4-1a78-442b-81c4-55bf5f253b91_0,-7.77981,110.37307739257812,2021-12-06 08:49:56,-7.779724936997598,110.37310284123163
d9f515f4-1a78-442b-81c4-55bf5f253b91_0,-7.77967,110.3730697631836,2021-12-06 08:50:35,-7.779711340693421,110.37305739511578
d9f515f4-1a78-442b-81c4-55bf5f253b91_0,-7.77965,110.37307,2021-12-06 08:50:40,-7.779648527881817,110.37306476519169
d9f515f4-1a78-442b-81c4-55bf5f253b91_0,-7.779817,110.373046875,2021-12-06 08:52:03,-7.779810081685485,110.37302087266066
d9f515f4-1a78-442b-81c4-55bf5f253b91_0,-7.77982,110.373046875,2021-12-06 08:52:54,-7.779812883353639,110.3730201272346
d9f515f4-1a78-442b-81c4-55bf5f253b91_0,-7.77991,110.37307,2021-12-06 08:57:03,-7.779731122236802,110.37312351560708
d9f515f4-1a78-442b-81c4-55bf5f253b91_0,-7.77991,110.37308,2021-12-06 08:57:54,-7.779733868200547,110.37313269408565
d9f515f4-1a78-442b-81c4-55bf5f253b91_0,-7.77968,110.37308,2021-12-06 09:02:13,-7.779673723186464,110.37305767983844
d9f515f4-1a78-442b-81c4-55bf5f253b91_0,-7.77969,110.37307,2021-12-06 09:02:24,-7.779685596388695,110.37305434088965
d9f515f4-1a78-442b-81c4-55bf5f253b91_0,-7.78023,110.37399291992188,2021-12-06 09:04:34,-7.7802001,110.373779
d9f515f4-1a78-442b-81c4-55bf5f253b91_0,-7.78024,110.37399291992188,2021-12-06 09:04:43,-7.7802001,110.373779
d9f515f4-1a78-442b-81c4-55bf5f253b91_0,-7.780095,110.37383,2021-12-06 09:05:35,-7.7802001,110.373779
d9f515f4-1a78-442b-81c4-55bf5f253b91_0,-7.780095,110.37383270263672,2021-12-06 09:05:36,-7.7802001,110.373779
d9f515f4-1a78-442b-81c4-55bf5f253b91_0,-7.7801,110.37384033203124,2021-12-06 09:05:40,-7.7802001,110.373779
d9f515f4-1a78-442b-81c4-55bf5f253b91_0,-7.78027,110.37362,2021-12-06 09:06:35,-7.7802703249083285,110.37362151342582
d9f515f4-1a78-442b-81c4-55bf5f253b91_0,-7.78025,110.37361907958984,2021-12-06 09:06:40,-7.7802513949718035,110.37362557738058
d9f515f4-1a78-442b-81c4-55bf5f253b91_0,-7.78036,110.37353,2021-12-06 09:07:08,-7.780335776598475,110.37353629764971
d9f515f4-1a78-442b-81c4-55bf5f253b91_0,-7.78035,110.37354,2021-12-06 09:07:58,-7.780337578706639,110.37354322931337
d9f515f4-1a78-442b-81c4-55bf5f253b91_0,-7.780344,110.37354278564452,2021-12-06 09:07:59,-7.780337877204538,110.37354437746146
d9f515f4-1a78-442b-81c4-55bf5f253b91_0,-7.78036,110.37354278564452,2021-12-06 09:14:19,-7.7803533,110.3736037
d9f515f4-1a78-442b-81c4-55bf5f253b91_0,-7.78035,110.37353,2021-12-06 09:14:29,-7.7803351434843915,110.37353386242745
d9f515f4-1a78-442b-81c4-55bf5f253b91_0,-7.78036,110.37354,2021-12-06 09:15:32,-7.7803533,110.3736037
d9f515f4-1a78-442b-81c4-55bf5f253b91_0,-7.78033,110.37352752685548,2021-12-06 09:15:41,-7.78033327499057,110.3735266754167
d9f515f4-1a78-442b-81c4-55bf5f253b91_0,-7.78033,110.37354,2021-12-06 09:18:04,-7.780344099419384,110.37360567521759
d9f515f4-1a78-442b-81c4-55bf5f253b91_0,-7.78032,110.37352752685548,2021-12-06 09:18:53,-7.780332641876486,110.37352424019446
d9f515f4-1a78-442b-81c4-55bf5f253b91_0,-7.78036,110.37354278564452,2021-12-06 09:20:16,-7.7803533,110.3736037
d9f515f4-1a78-442b-81c4-55bf5f253b91_0,-7.78035,110.37352752685548,2021-12-06 09:20:26,-7.7803533,110.3736037
d9f515f4-1a78-442b-81c4-55bf5f253b91_0,-7.78031,110.37352752685548,2021-12-06 09:22:17,-7.780332008762402,110.37352180497221
d9f515f4-1a78-442b-81c4-55bf5f253b91_0,-7.78034,110.37354278564452,2021-12-06 09:22:27,-7.780353087148553,110.3736037456958
d9f515f4-1a78-442b-81c4-55bf5f253b91_0,-7.780341,110.37353515625,2021-12-06 09:23:17,-7.780335829343187,110.37353650052798
d9f515f4-1a78-442b-81c4-55bf5f253b91_0,-7.78036,110.37354278564452,2021-12-06 09:23:27,-7.7803533,110.3736037
d9f515f4-1a78-442b-81c4-55bf5f253b91_0,-7.78031,110.37353,2021-12-06 09:24:01,-7.780332611028058,110.37352412153847
d9f515f4-1a78-442b-81c4-55bf5f253b91_0,-7.780326,110.373535,2021-12-06 09:24:52,-7.780334841621715,110.37353270133703
d9f515f4-1a78-442b-81c4-55bf5f253b91_0,-7.78035,110.37354278564452,2021-12-06 09:25:00,-7.7803533,110.3736037
d9f515f4-1a78-442b-81c4-55bf5f253b91_0,-7.78034,110.37353,2021-12-06 09:25:55,-7.7803345103703085,110.37353142720521
d9f515f4-1a78-442b-81c4-55bf5f253b91_1,-7.78533,110.37455,2021-12-06 11:52:34,-7.785325880101765,110.3745259569541
d9f515f4-1a78-442b-81c4-55bf5f253b91_1,-7.78532,110.37454986572266,2021-12-06 11:52:43,-7.785335456435389,110.3746362741079
d9f515f4-1a78-442b-81c4-55bf5f253b91_1,-7.78862,110.37413787841795,2021-12-06 11:53:34,-7.788561274706934,110.37414428481357
d9f515f4-1a78-442b-81c4-55bf5f253b91_1,-7.78861,110.37413,2021-12-06 11:53:43,-7.7885672,110.3741986
d9f515f4-1a78-442b-81c4-55bf5f253b91_1,-7.79123,110.37394714355467,2021-12-06 11:54:35,-7.791225599860169,110.37393352257973
d9f515f4-1a78-442b-81c4-55bf5f253b91_1,-7.79124,110.37396240234376,2021-12-06 11:54:40,-7.791230191476655,110.37393203929717
d9f515f4-1a78-442b-81c4-55bf5f253b91_1,-7.79437,110.37271,2021-12-06 11:55:37,-7.794399597959334,110.37282028304728
d9f515f4-1a78-442b-81c4-55bf5f253b91_1,-7.79435,110.37271118164062,2021-12-06 11:55:47,-7.7943806459206435,110.37282536942895
d9f515f4-1a78-442b-81c4-55bf5f253b91_1,-7.79431,110.37277221679688,2021-12-06 11:57:18,-7.794328053374081,110.37283948430964
d9f515f4-1a78-442b-81c4-55bf5f253b91_1,-7.79432,110.37278,2021-12-06 11:57:28,-7.794335432961613,110.37283750376288
d9f515f4-1a78-442b-81c4-55bf5f253b91_1,-7.79344,110.37116241455078,2021-12-06 11:58:15,-7.79344099595564,110.3711761682239
d9f515f4-1a78-442b-81c4-55bf5f253b91_1,-7.79345,110.37115,2021-12-06 11:58:20,-7.793451838086845,110.37117538310406
d9f515f4-1a78-442b-81c4-55bf5f253b91_1,-7.7934,110.36762237548828,2021-12-06 11:59:15,-7.793401548194325,110.36760749707842
d9f515f4-1a78-442b-81c4-55bf5f253b91_1,-7.7934,110.36760711669922,2021-12-06 11:59:20,-7.79339997742696,110.36760733362996
d9f515f4-1a78-442b-81c4-55bf5f253b91_1,-7.79338,110.36755,2021-12-06 12:00:16,-7.793374311965719,110.3676046629735
d9f515f4-1a78-442b-81c4-55bf5f253b91_1,-7.79339,110.36756,2021-12-06 12:00:26,-7.793385234266239,110.36760579950918
d9f515f4-1a78-442b-81c4-55bf5f253b91_1,-7.793396,110.3675765991211,2021-12-06 12:02:32,-7.793392878739263,110.3676065949658
d9f515f4-1a78-442b-81c4-55bf5f253b91_1,-7.7934,110.36756896972656,2021-12-06 12:02:41,-7.793396050508548,110.36760692500883
d9f515f4-1a78-442b-81c4-55bf5f253b91_1,-7.79342,110.36756896972656,2021-12-06 12:03:32,-7.793415836273388,110.36760898384502
d9f515f4-1a78-442b-81c4-55bf5f253b91_1,-7.79342,110.3675765991211,2021-12-06 12:03:41,-7.79341662165707,110.36760906556925
d9f515f4-1a78-442b-81c4-55bf5f253b91_1,-7.79338,110.36756134033205,2021-12-06 12:04:39,-7.793375479360027,110.36760478444839
d9f515f4-1a78-442b-81c4-55bf5f253b91_1,-7.79337,110.36755,2021-12-06 12:04:49,-7.7933644190833,110.3676036335554
d9f515f4-1a78-442b-81c4-55bf5f253b91_1,-7.7934,110.36755,2021-12-06 12:05:35,-7.79339409773056,110.36760672180971
d9f515f4-1a78-442b-81c4-55bf5f253b91_1,-7.793396,110.36756,2021-12-06 12:05:40,-7.793391169995692,110.36760641716005
d9f515f4-1a78-442b-81c4-55bf5f253b91_1,-7.79338,110.36755,2021-12-06 12:06:32,-7.793374311965719,110.3676046629735
d9f515f4-1a78-442b-81c4-55bf5f253b91_1,-7.79339,110.36756,2021-12-06 12:06:41,-7.793385234266239,110.36760579950918
d9f515f4-1a78-442b-81c4-55bf5f253b91_1,-7.79346,110.3675765991211,2021-12-06 12:07:38,-7.793456193186749,110.36761318324164
d9f515f4-1a78-442b-81c4-55bf5f253b91_1,-7.79346,110.3675765991211,2021-12-06 12:07:48,-7.793456193186749,110.36761318324164
d9f515f4-1a78-442b-81c4-55bf5f253b91_1,-7.79342,110.3675765991211,2021-12-06 12:08:39,-7.79341662165707,110.36760906556925
d9f515f4-1a78-442b-81c4-55bf5f253b91_1,-7.7934,110.36756896972656,2021-12-06 12:08:49,-7.793396050508548,110.36760692500883
d9f515f4-1a78-442b-81c4-55bf5f253b91_1,-7.79337,110.3675537109375,2021-12-06 12:09:00,-7.793364801093924,110.36760367330606
d9f515f4-1a78-442b-81c4-55bf5f253b91_1,-7.79338,110.36756134033205,2021-12-06 12:09:55,-7.793375479360027,110.36760478444839
d9f515f4-1a78-442b-81c4-55bf5f253b91_1,-7.7934,110.3675765991211,2021-12-06 12:10:00,-7.7933968358922305,110.36760700673305
d9f515f4-1a78-442b-81c4-55bf5f253b91_1,-7.7934,110.36756896972656,2021-12-06 12:10:55,-7.793396050508548,110.36760692500883
d9f515f4-1a78-442b-81c4-55bf5f253b91_1,-7.79337,110.36756,2021-12-06 12:11:07,-7.7933654485014,110.36760374067298
d9f515f4-1a78-442b-81c4-55bf5f253b91_1,-7.79338,110.36755,2021-12-06 12:11:57,-7.793374311965719,110.3676046629735
d9f515f4-1a78-442b-81c4-55bf5f253b91_1,-7.7934,110.36756896972656,2021-12-06 12:15:05,-7.793396050508548,110.36760692500883
d9f515f4-1a78-442b-81c4-55bf5f253b91_1,-7.7934,110.36758,2021-12-06 12:15:50,-7.793397185984861,110.36760704316244
d9f515f4-1a78-442b-81c4-55bf5f253b91_1,-7.79337,110.36755,2021-12-06 12:17:09,-7.7933644190833,110.3676036335554
d9f515f4-1a78-442b-81c4-55bf5f253b91_1,-7.79338,110.36756,2021-12-06 12:17:59,-7.79337534138382,110.36760477009108
d9f515f4-1a78-442b-81c4-55bf5f253b91_1,-7.7934,110.36756896972656,2021-12-06 12:19:11,-7.793396050508548,110.36760692500883
d9f515f4-1a78-442b-81c4-55bf5f253b91_1,-7.7934,110.3675765991211,2021-12-06 12:19:22,-7.7933968358922305,110.36760700673305
d9f515f4-1a78-442b-81c4-55bf5f253b91_1,-7.79047,110.36761,2021-12-06 12:23:16,-7.790469546222511,110.36758203775348
d9f515f4-1a78-442b-81c4-55bf5f253b91_1,-7.79048,110.36762237548828,2021-12-06 12:23:26,-7.79048004791555,110.36762398065923
d9f515f4-1a78-442b-81c4-55bf5f253b91_1,-7.78949,110.36963,2021-12-06 12:24:37,-7.789497807738906,110.36963123393033
d9f515f4-1a78-442b-81c4-55bf5f253b91_1,-7.78949,110.36964,2021-12-06 12:24:47,-7.789496265855721,110.36964099025205
d9f515f4-1a78-442b-81c4-55bf5f253b91_1,-7.78683,110.37364196777344,2021-12-06 12:25:03,-7.786821875124922,110.37372832598169
d9f515f4-1a78-442b-81c4-55bf5f253b91_1,-7.78682,110.37362670898438,2021-12-06 12:25:54,-7.786867658120462,110.37363089263718
d9f515f4-1a78-442b-81c4-55bf5f253b91_1,-7.783409,110.37487030029295,2021-12-06 12:27:02,-7.78340793411336,110.37486240045
d9f515f4-1a78-442b-81c4-55bf5f253b91_1,-7.78341,110.3748779296875,2021-12-06 12:27:51,-7.78340790524257,110.3748624043454
d9f515f4-1a78-442b-81c4-55bf5f253b91_1,-7.77632,110.37592315673828,2021-12-06 12:28:35,-7.7762206862896495,110.37597460841955
d9f515f4-1a78-442b-81c4-55bf5f253b91_1,-7.77632,110.37592,2021-12-06 12:28:40,-7.776219396932937,110.37597211966124
d9f515f4-1a78-442b-81c4-55bf5f253b91_1,-7.77613,110.37454986572266,2021-12-06 12:29:37,-7.776148622038048,110.37454744016308
d9f515f4-1a78-442b-81c4-55bf5f253b91_1,-7.77613,110.37454986572266,2021-12-06 12:29:47,-7.776148622038048,110.37454744016308
d9f515f4-1a78-442b-81c4-55bf5f253b91_1,-7.77727,110.37375,2021-12-06 12:30:37,-7.777456924903835,110.37369118754401
d9f515f4-1a78-442b-81c4-55bf5f253b91_1,-7.777275,110.37376403808594,2021-12-06 12:30:47,-7.777285024330295,110.37378514259296
d9f515f4-1a78-442b-81c4-55bf5f253b91_1,-7.77728,110.37375,2021-12-06 12:32:38,-7.777294544385232,110.37378062070695
d9f515f4-1a78-442b-81c4-55bf5f253b91_1,-7.77729,110.3737564086914,2021-12-06 12:32:48,-7.777300219893825,110.37377792492389
d9f515f4-1a78-442b-81c4-55bf5f253b91_1,-7.77742,110.37384,2021-12-06 12:36:04,-7.7774619,110.373707
d9f515f4-1a78-442b-81c4-55bf5f253b91_1,-7.77741,110.37383,2021-12-06 12:36:53,-7.7773736347257865,110.37374457388248
d9f515f4-1a78-442b-81c4-55bf5f253b91_1,-7.78027,110.37312,2021-12-06 12:37:04,-7.7800742,110.3729506
d9f515f4-1a78-442b-81c4-55bf5f253b91_1,-7.78026,110.37311,2021-12-06 12:37:53,-7.7800742,110.3729506
d9f515f4-1a78-442b-81c4-55bf5f253b91_1,-7.7802553,110.37310791015624,2021-12-06 12:37:54,-7.780201741507148,110.3729165358486
d9f515f4-1a78-442b-81c4-55bf5f253b91_1,-7.78058,110.37279,2021-12-06 12:38:04,-7.780584345353089,110.37281352401627
d9f515f4-1a78-442b-81c4-55bf5f253b91_1,-7.78059,110.37278747558594,2021-12-06 12:38:53,-7.780520309860412,110.37280734985987
d9f515f4-1a78-442b-81c4-55bf5f253b91_1,-7.7805843,110.37279510498048,2021-12-06 12:38:54,-7.78052189327063,110.37281290216731
d9f515f4-1a78-442b-81c4-55bf5f253b91_1,-7.78037,110.37290954589844,2021-12-06 12:39:03,-7.7805256,110.3728259
d9f515f4-1a78-442b-81c4-55bf5f253b91_1,-7.78036,110.37291717529295,2021-12-06 12:39:54,-7.7805256,110.3728259
d9f515f4-1a78-442b-81c4-55bf5f253b91_1,-7.780356,110.37291717529295,2021-12-06 12:39:55,-7.780186295327137,110.37296128547041
d9f515f4-1a78-442b-81c4-55bf5f253b91_1,-7.78039,110.37351989746094,2021-12-06 12:40:00,-7.7803533,110.3736037
d9f515f4-1a78-442b-81c4-55bf5f253b91_1,-7.78039,110.37351989746094,2021-12-06 12:40:55,-7.780335215747938,110.37353414038336
d9f515f4-1a78-442b-81c4-55bf5f253b91_1,-7.78036,110.37354278564452,2021-12-06 12:41:00,-7.7803533,110.3736037
d9f515f4-1a78-442b-81c4-55bf5f253b91_1,-7.78035,110.37352752685548,2021-12-06 12:41:55,-7.7803533,110.3736037
d9f515f4-1a78-442b-81c4-55bf5f253b91_1,-7.78034,110.37352752685548,2021-12-06 12:42:06,-7.7803339081046525,110.37352911063896
d9f515f4-1a78-442b-81c4-55bf5f253b91_1,-7.78035,110.37354,2021-12-06 12:42:56,-7.780337578706639,110.37354322931337
d9f515f4-1a78-442b-81c4-55bf5f253b91_1,-7.7803497,110.37354278564452,2021-12-06 12:42:57,-7.780338238079565,110.37354576553814
d9f515f4-1a78-442b-81c4-55bf5f253b91_1,-7.78035,110.37355,2021-12-06 12:45:34,-7.780340013928884,110.37355259619927
d9f515f4-1a78-442b-81c4-55bf5f253b91_1,-7.78036,110.37356,2021-12-06 12:45:43,-7.7803533,110.3736037
d9f515f4-1a78-442b-81c4-55bf5f253b91_1,-7.78034,110.37354278564452,2021-12-06 12:47:05,-7.780337623958904,110.37354340337257
d9f515f4-1a78-442b-81c4-55bf5f253b91_1,-7.78036,110.37354278564452,2021-12-06 12:47:50,-7.7803533,110.3736037
d9f515f4-1a78-442b-81c4-55bf5f253b91_1,-7.78034,110.37352752685548,2021-12-06 12:48:10,-7.7803339081046525,110.37352911063896
d9f515f4-1a78-442b-81c4-55bf5f253b91_1,-7.78035,110.37354278564452,2021-12-06 12:48:25,-7.780338257072988,110.37354583859481
d9f515f4-1a78-442b-81c4-55bf5f253b91_1,-7.78034,110.37355041503906,2021-12-06 12:49:10,-7.780351521403481,110.37360408183625
d9f515f4-1a78-442b-81c4-55bf5f253b91_1,-7.780339,110.37355041503906,2021-12-06 12:49:11,-7.780339418574629,110.37355030621717
d9f515f4-1a78-442b-81c4-55bf5f253b91_1,-7.78035,110.3735580444336,2021-12-06 12:49:25,-7.7803533,110.3736037
d9f515f4-1a78-442b-81c4-55bf5f253b91_1,-7.780343,110.373535,2021-12-06 12:50:10,-7.780335917915657,110.37353684121484
d9f515f4-1a78-442b-81c4-55bf5f253b91_1,-7.78036,110.37354278564452,2021-12-06 12:50:25,-7.7803533,110.3736037
d9f515f4-1a78-442b-81c4-55bf5f253b91_1,-7.78033,110.37353,2021-12-06 12:56:16,-7.780346151672763,110.3736052346316
d9f515f4-1a78-442b-81c4-55bf5f253b91_1,-7.780323,110.37352752685548,2021-12-06 12:56:17,-7.780332831810711,110.37352497076114
d9f515f4-1a78-442b-81c4-55bf5f253b91_1,-7.7803116,110.37354,2021-12-06 12:56:26,-7.780335147548559,110.37353387805994
d9f515f4-1a78-442b-81c4-55bf5f253b91_1,-7.78036,110.37353,2021-12-06 12:57:16,-7.780335776598475,110.37353629764971
d9f515f4-1a78-442b-81c4-55bf5f253b91_1,-7.78035,110.37354278564452,2021-12-06 12:57:26,-7.7803533,110.3736037
d9f515f4-1a78-442b-81c4-55bf5f253b91_1,-7.780321,110.37354278564452,2021-12-06 12:58:16,-7.780334924261943,110.37360764497723
d9f515f4-1a78-442b-81c4-55bf5f253b91_1,-7.78034,110.37353,2021-12-06 12:58:26,-7.7803345103703085,110.37353142720521
d9f515f4-1a78-442b-81c4-55bf5f253b91_1,-7.780339,110.373535,2021-12-06 13:00:18,-7.780335664670024,110.37353586712594
d9f515f4-1a78-442b-81c4-55bf5f253b91_1,-7.78035,110.37354278564452,2021-12-06 13:00:28,-7.7803533,110.3736037
d9f515f4-1a78-442b-81c4-55bf5f253b91_1,-7.78032,110.37354278564452,2021-12-06 13:01:18,-7.780333968320543,110.37360785020256
d9f515f4-1a78-442b-81c4-55bf5f253b91_1,-7.78033,110.37353,2021-12-06 13:01:28,-7.780333877256225,110.37352899198297
d9f515f4-1a78-442b-81c4-55bf5f253b91_1,-7.78033,110.37354,2021-12-06 13:03:01,-7.780344099419384,110.37360567521759
d9f515f4-1a78-442b-81c4-55bf5f253b91_1,-7.78033,110.37354,2021-12-06 13:03:52,-7.780336312478473,110.37353835886888
d9f515f4-1a78-442b-81c4-55bf5f253b91_1,-7.78034,110.3735580444336,2021-12-06 13:04:14,-7.780349955658411,110.37360441797668
d9f515f4-1a78-442b-81c4-55bf5f253b91_1,-7.78034,110.37352752685548,2021-12-06 13:04:23,-7.7803339081046525,110.37352911063896
d9f515f4-1a78-442b-81c4-55bf5f253b91_1,-7.78033,110.37354278564452,2021-12-06 13:09:13,-7.780343527734548,110.37360579794918
d9f515f4-1a78-442b-81c4-55bf5f253b91_1,-7.78034,110.37352752685548,2021-12-06 13:09:24,-7.7803339081046525,110.37352911063896
d9f515f4-1a78-442b-81c4-55bf5f253b91_1,-7.780319,110.37354,2021-12-06 13:09:25,-7.780335616052981,110.3735356801244
d9f515f4-1a78-442b-81c4-55bf5f253b91_1,-7.78034,110.37354,2021-12-06 13:15:13,-7.7803533,110.3736037
d9f515f4-1a78-442b-81c4-55bf5f253b91_1,-7.78035,110.37353,2021-12-06 13:15:24,-7.7803351434843915,110.37353386242745
d9f515f4-1a78-442b-81c4-55bf5f253b91_1,-7.780338,110.37354,2021-12-06 13:15:25,-7.780351746950589,110.37360403341489
d9f515f4-1a78-442b-81c4-55bf5f253b91_2,-7.78035,110.37353,2021-12-06 13:34:08,-7.7803351434843915,110.37353386242745
d9f515f4-1a78-442b-81c4-55bf5f253b91_2,-7.780344,110.37353515625,2021-12-06 13:34:09,-7.780353941862471,110.37360360677488
d9f515f4-1a78-442b-81c4-55bf5f253b91_2,-7.78035,110.37353,2021-12-06 13:34:58,-7.7803533,110.3736037
d9f515f4-1a78-442b-81c4-55bf5f253b91_2,-7.78032,110.37352752685548,2021-12-06 13:40:37,-7.780332641876486,110.37352424019446
d9f515f4-1a78-442b-81c4-55bf5f253b91_2,-7.78031,110.37354,2021-12-06 13:40:47,-7.780324980591373,110.37360977972435
d9f515f4-1a78-442b-81c4-55bf5f253b91_3,-7.78035,110.37352752685548,2021-12-06 13:53:07,-7.780334541218736,110.3735315458612
d9f515f4-1a78-442b-81c4-55bf5f253b91_3,-7.78035,110.3735580444336,2021-12-06 13:53:57,-7.7803533,110.3736037
d9f515f4-1a78-442b-81c4-55bf5f253b91_4,-7.78032,110.37352752685548,2021-12-06 14:12:06,-7.780332641876486,110.37352424019446
d9f515f4-1a78-442b-81c4-55bf5f253b91_4,-7.78034,110.37352752685548,2021-12-06 14:12:56,-7.7803339081046525,110.37352911063896
d9f515f4-1a78-442b-81c4-55bf5f253b91_4,-7.78036,110.37352752685548,2021-12-06 14:18:06,-7.78033517433282,110.37353398108344
d9f515f4-1a78-442b-81c4-55bf5f253b91_4,-7.78035,110.37354,2021-12-06 14:18:56,-7.780359128926833,110.37360285339746
d9f515f4-1a78-442b-81c4-55bf5f253b91_4,-7.78035,110.37352752685548,2021-12-06 14:21:02,-7.780334541218736,110.3735315458612
d9f515f4-1a78-442b-81c4-55bf5f253b91_4,-7.780338,110.37354278564452,2021-12-06 14:21:51,-7.780351175265753,110.37360415614648
d9f515f4-1a78-442b-81c4-55bf5f253b91_4,-7.78033,110.37352752685548,2021-12-06 14:23:06,-7.78033327499057,110.3735266754167
d9f515f4-1a78-442b-81c4-55bf5f253b91_4,-7.78032,110.37354278564452,2021-12-06 14:23:56,-7.780333968320543,110.37360785020256
d9f515f4-1a78-442b-81c4-55bf5f253b91_4,-7.78036,110.37352752685548,2021-12-06 14:24:33,-7.78033517433282,110.37353398108344
d9f515f4-1a78-442b-81c4-55bf5f253b91_4,-7.78035,110.37354278564452,2021-12-06 14:24:44,-7.7803533,110.3736037
d9f515f4-1a78-442b-81c4-55bf5f253b91_4,-7.78033,110.37352752685548,2021-12-06 14:32:16,-7.78033327499057,110.3735266754167
d9f515f4-1a78-442b-81c4-55bf5f253b91_4,-7.78034,110.37354278564452,2021-12-06 14:32:26,-7.780353087148553,110.3736037456958
d9f515f4-1a78-442b-81c4-55bf5f253b91_4,-7.780336,110.37354278564452,2021-12-06 14:38:17,-7.780337370713271,110.37354242928366
d9f515f4-1a78-442b-81c4-55bf5f253b91_4,-7.78034,110.3735580444336,2021-12-06 14:38:27,-7.780349955658411,110.37360441797668
d9f515f4-1a78-442b-81c4-55bf5f253b91_4,-7.78034,110.37354278564452,2021-12-06 14:43:16,-7.780337623958904,110.37354340337257
d9f515f4-1a78-442b-81c4-55bf5f253b91_4,-7.78036,110.37354,2021-12-06 14:43:26,-7.780368922333768,110.37360143098755
d9f515f4-1a78-442b-81c4-55bf5f253b91_5,-7.780589,110.37284088134766,2021-12-06 14:59:17,-7.780577261734783,110.37284379013985
d9f515f4-1a78-442b-81c4-55bf5f253b91_5,-7.78058,110.37284088134766,2021-12-06 14:59:27,-7.780575256676101,110.37281520287544
d9f515f4-1a78-442b-81c4-55bf5f253b91_5,-7.7809,110.37281036376952,2021-12-06 15:00:30,-7.780873118610582,110.3728145444835
d9f515f4-1a78-442b-81c4-55bf5f253b91_5,-7.7809,110.37281036376952,2021-12-06 15:00:45,-7.780873118610582,110.3728145444835
d9f515f4-1a78-442b-81c4-55bf5f253b91_5,-7.78266,110.37240600585938,2021-12-06 15:01:30,-7.782639286091579,110.37256237556018
d9f515f4-1a78-442b-81c4-55bf5f253b91_5,-7.78265,110.37239837646484,2021-12-06 15:01:45,-7.782647002355504,110.3723825827811
d9f515f4-1a78-442b-81c4-55bf5f253b91_5,-7.78275,110.36801147460938,2021-12-06 15:02:30,-7.782739894372375,110.36801165283363
d9f515f4-1a78-442b-81c4-55bf5f253b91_5,-7.782746,110.36801,2021-12-06 15:02:31,-7.782739867130299,110.36801010816014
d9f515f4-1a78-442b-81c4-55bf5f253b91_5,-7.78274,110.368,2021-12-06 15:02:45,-7.78273968895813,110.36800000548557
d9f515f4-1a78-442b-81c4-55bf5f253b91_5,-7.78956,110.36620330810548,2021-12-06 15:03:38,-7.789559624695368,110.36620088854379
d9f515f4-1a78-442b-81c4-55bf5f253b91_5,-7.789569,110.36620330810548,2021-12-06 15:03:48,-7.789568413243475,110.36619952532878
d9f515f4-1a78-442b-81c4-55bf5f253b91_5,-7.79045,110.36782,2021-12-06 15:05:07,-7.7905311,110.3678863
d9f515f4-1a78-442b-81c4-55bf5f253b91_5,-7.79046,110.36781311035156,2021-12-06 15:05:57,-7.790534012961779,110.36788322508376
d9f515f4-1a78-442b-81c4-55bf5f253b91_5,-7.790072,110.36619567871094,2021-12-06 15:06:08,-7.790071067971416,110.36617752279408
d9f515f4-1a78-442b-81c4-55bf5f253b91_5,-7.79009,110.36619,2021-12-06 15:06:58,-7.790093564024293,110.36618100769255
d9f515f4-1a78-442b-81c4-55bf5f253b91_5,-7.79405,110.36578369140624,2021-12-06 15:07:32,-7.794049128791172,110.36577699514689
d9f515f4-1a78-442b-81c4-55bf5f253b91_5,-7.794031,110.36577,2021-12-06 15:07:41,-7.794032196704671,110.36577919807578
d9f515f4-1a78-442b-81c4-55bf5f253b91_5,-7.79762,110.36527252197266,2021-12-06 15:08:32,-7.797628798849866,110.36532839466932
d9f515f4-1a78-442b-81c4-55bf5f253b91_5,-7.79761,110.3652801513672,2021-12-06 15:08:41,-7.797607927296179,110.36526487951258
d9f515f4-1a78-442b-81c4-55bf5f253b91_5,-7.79889,110.36514282226562,2021-12-06 15:09:32,-7.798893070939566,110.3651675309352
d9f515f4-1a78-442b-81c4-55bf5f253b91_5,-7.79887,110.36511993408205,2021-12-06 15:09:41,-7.798866491845284,110.36509405461051
d9f515f4-1a78-442b-81c4-55bf5f253b91_5,-7.79922,110.3627700805664,2021-12-06 15:10:31,-7.799222438319854,110.36280242416214
d9f515f4-1a78-442b-81c4-55bf5f253b91_5,-7.799229,110.36277770996094,2021-12-06 15:10:42,-7.799217164636616,110.36277664794386
d9f515f4-1a78-442b-81c4-55bf5f253b91_5,-7.79886,110.36214,2021-12-06 15:11:31,-7.7991814,110.3621292
d9f515f4-1a78-442b-81c4-55bf5f253b91_5,-7.79886,110.36213684082033,2021-12-06 15:11:42,-7.798859955590331,110.36213245446523
d9f515f4-1a78-442b-81c4-55bf5f253b91_5,-7.79879,110.36212921142578,2021-12-06 15:12:31,-7.798790040000904,110.36213316232589
d9f515f4-1a78-442b-81c4-55bf5f253b91_5,-7.798776,110.362144,2021-12-06 15:12:42,-7.798775891724202,110.36213330557017
d9f515f4-1a78-442b-81c4-55bf5f253b91_5,-7.7987757,110.362144,2021-12-06 15:12:43,-7.798775591754951,110.36213330860721
d9f515f4-1a78-442b-81c4-55bf5f253b91_5,-7.79848,110.36207,2021-12-06 15:13:31,-7.798446778703915,110.3620719110892
d9f515f4-1a78-442b-81c4-55bf5f253b91_5,-7.79847,110.36207,2021-12-06 15:13:42,-7.798446745720625,110.36207133772632
d9f515f4-1a78-442b-81c4-55bf5f253b91_5,-7.79413,110.36128997802734,2021-12-06 15:14:30,-7.7940512,110.3613125
d9f515f4-1a78-442b-81c4-55bf5f253b91_5,-7.79416,110.36129,2021-12-06 15:14:45,-7.794159888786954,110.36128666844398
d9f515f4-1a78-442b-81c4-55bf5f253b91_5,-7.79083,110.3618621826172,2021-12-06 15:15:30,-7.790832109582758,110.36186177722682
d9f515f4-1a78-442b-81c4-55bf5f253b91_5,-7.79083,110.36186,2021-12-06 15:15:45,-7.7908317050945035,110.36185967233857
d9f515f4-1a78-442b-81c4-55bf5f253b91_5,-7.79054,110.36189,2021-12-06 15:16:36,-7.790510805046462,110.36189787357935
d9f515f4-1a78-442b-81c4-55bf5f253b91_5,-7.79056,110.36189,2021-12-06 15:16:46,-7.790512161070462,110.36190290166834
d9f515f4-1a78-442b-81c4-55bf5f253b91_5,-7.79056,110.36192321777344,2021-12-06 15:18:38,-7.79056463245155,110.36194283607918
d9f515f4-1a78-442b-81c4-55bf5f253b91_5,-7.79055,110.36191,2021-12-06 15:18:48,-7.79051649772595,110.36191901438306
d9f515f4-1a78-442b-81c4-55bf5f253b91_5,-7.79062,110.36192,2021-12-06 15:19:39,-7.79062218339778,110.36192924662994
d9f515f4-1a78-442b-81c4-55bf5f253b91_5,-7.79062,110.36192,2021-12-06 15:19:49,-7.79062218339778,110.36192924662994
d9f515f4-1a78-442b-81c4-55bf5f253b91_5,-7.79061,110.36193,2021-12-06 15:20:39,-7.7905254,110.3619521
d9f515f4-1a78-442b-81c4-55bf5f253b91_5,-7.79062,110.3619384765625,2021-12-06 15:20:49,-7.790618050957119,110.36193022241915
d9f515f4-1a78-442b-81c4-55bf5f253b91_5,-7.79058,110.36193,2021-12-06 15:21:04,-7.790582059303373,110.36193872109352
d9f515f4-1a78-442b-81c4-55bf5f253b91_5,-7.79057,110.36194,2021-12-06 15:21:53,-7.790525375016012,110.36195200714612
d9f515f4-1a78-442b-81c4-55bf5f253b91_5,-7.790649,110.36186,2021-12-06 15:23:01,-7.79066307135326,110.36191959179658
d9f515f4-1a78-442b-81c4-55bf5f253b91_5,-7.79064,110.36185,2021-12-06 15:23:52,-7.7906567832489095,110.36192107660058
d9f515f4-1a78-442b-81c4-55bf5f253b91_5,-7.7906,110.36195,2021-12-06 15:24:17,-7.790596529887529,110.36193530416848
d9f515f4-1a78-442b-81c4-55bf5f253b91_5,-7.7906,110.36196,2021-12-06 15:24:27,-7.790594293302308,110.3619358322912
d9f515f4-1a78-442b-81c4-55bf5f253b91_5,-7.79059,110.36194,2021-12-06 15:25:34,-7.790589294595449,110.361937012631
d9f515f4-1a78-442b-81c4-55bf5f253b91_5,-7.79058,110.36194,2021-12-06 15:25:43,-7.790579822718153,110.36193924921622
d9f515f4-1a78-442b-81c4-55bf5f253b91_5,-7.79055,110.36192321777344,2021-12-06 15:27:37,-7.7905198141056,110.36193133982553
d9f515f4-1a78-442b-81c4-55bf5f253b91_5,-7.79057,110.36192321777344,2021-12-06 15:27:47,-7.790521164304208,110.3619363578865
d9f515f4-1a78-442b-81c4-55bf5f253b91_5,-7.7906,110.36190795898438,2021-12-06 15:28:33,-7.790605932718944,110.36193308388701
d9f515f4-1a78-442b-81c4-55bf5f253b91_5,-7.7906,110.36192321777344,2021-12-06 15:28:44,-7.790602519960736,110.3619338897383
d9f515f4-1a78-442b-81c4-55bf5f253b91_5,-7.78962,110.36003875732422,2021-12-06 15:31:34,-7.789534613933386,110.36004416990963
d9f515f4-1a78-442b-81c4-55bf5f253b91_5,-7.78961,110.36003,2021-12-06 15:31:43,-7.789534021010573,110.36003481627489
d9f515f4-1a78-442b-81c4-55bf5f253b91_5,-7.78967,110.35830688476562,2021-12-06 15:32:30,-7.789683982513782,110.35832004943425
d9f515f4-1a78-442b-81c4-55bf5f253b91_5,-7.789655,110.35832,2021-12-06 15:32:45,-7.78966321440288,110.35833885872076
d9f515f4-1a78-442b-81c4-55bf5f253b91_5,-7.78955,110.35871887207033,2021-12-06 15:33:37,-7.789567252016144,110.35872665370417
d9f515f4-1a78-442b-81c4-55bf5f253b91_5,-7.78957,110.35872,2021-12-06 15:33:47,-7.789570210405233,110.35872009490465
d9f515f4-1a78-442b-81c4-55bf5f253b91_5,-7.78906,110.3575668334961,2021-12-06 15:34:38,-7.789057643836828,110.35748383764836
d9f515f4-1a78-442b-81c4-55bf5f253b91_5,-7.78904,110.3575668334961,2021-12-06 15:34:48,-7.7890376599424735,110.3574844049697
d9f515f4-1a78-442b-81c4-55bf5f253b91_5,-7.78534,110.36048889160156,2021-12-06 15:35:05,-7.7854356655396755,110.36069144010038
d9f515f4-1a78-442b-81c4-55bf5f253b91_5,-7.78535,110.36048126220705,2021-12-06 15:35:50,-7.785416751978085,110.36060670542483
d9f515f4-1a78-442b-81c4-55bf5f253b91_5,-7.7828,110.36263275146484,2021-12-06 15:36:05,-7.78286320914381,110.36262882972964
d9f515f4-1a78-442b-81c4-55bf5f253b91_5,-7.7828,110.36263275146484,2021-12-06 15:36:50,-7.782793732268795,110.36263289803948
d9f515f4-1a78-442b-81c4-55bf5f253b91_5,-7.78084,110.36512756347656,2021-12-06 15:37:05,-7.780825581358107,110.36512802635758
d9f515f4-1a78-442b-81c4-55bf5f253b91_5,-7.78084,110.36512756347656,2021-12-06 15:37:50,-7.780825581358107,110.36512802635758
d9f515f4-1a78-442b-81c4-55bf5f253b91_5,-7.78084,110.36512756347656,2021-12-06 15:37:51,-7.780825581358107,110.36512802635758
d9f515f4-1a78-442b-81c4-55bf5f253b91_5,-7.77941,110.3675308227539,2021-12-06 15:38:05,-7.779407722093261,110.36750985531032
d9f515f4-1a78-442b-81c4-55bf5f253b91_5,-7.779403,110.36753845214844,2021-12-06 15:38:50,-7.779399984558213,110.36751069591749
d9f515f4-1a78-442b-81c4-55bf5f253b91_5,-7.77844,110.36734771728516,2021-12-06 15:39:01,-7.778466365918301,110.36754521866855
d9f515f4-1a78-442b-81c4-55bf5f253b91_5,-7.778429,110.36736297607422,2021-12-06 15:39:52,-7.778453557181426,110.36754692860143
d9f515f4-1a78-442b-81c4-55bf5f253b91_5,-7.77834,110.36934661865234,2021-12-06 15:40:04,-7.778340137855751,110.36934755142089
d9f515f4-1a78-442b-81c4-55bf5f253b91_5,-7.77836,110.36934661865234,2021-12-06 15:40:53,-7.778359710344028,110.36934465876325
d9f515f4-1a78-442b-81c4-55bf5f253b91_5,-7.77871,110.37269,2021-12-06 15:41:04,-7.77858631603257,110.37271541311013
d9f515f4-1a78-442b-81c4-55bf5f253b91_5,-7.77871,110.37268829345705,2021-12-06 15:41:53,-7.778585979595823,110.3727137756942
d9f515f4-1a78-442b-81c4-55bf5f253b91_5,-7.78038,110.3735122680664,2021-12-06 15:42:04,-7.780332724706724,110.37352455879429
d9f515f4-1a78-442b-81c4-55bf5f253b91_5,-7.780363,110.37351989746094,2021-12-06 15:42:53,-7.780333506339912,110.37352756528328
d9f515f4-1a78-442b-81c4-55bf5f253b91_5,-7.78034,110.37354278564452,2021-12-06 15:43:08,-7.780353087148553,110.3736037456958
d9f515f4-1a78-442b-81c4-55bf5f253b91_5,-7.78035,110.37352752685548,2021-12-06 15:43:58,-7.780360903119269,110.37360259571093
d9f515f4-1a78-442b-81c4-55bf5f253b91_5,-7.78037,110.3734893798828,2021-12-06 15:51:34,-7.7803533,110.3736037
d9f515f4-1a78-442b-81c4-55bf5f253b91_5,-7.780358,110.3734893798828,2021-12-06 15:51:43,-7.7803257580743495,110.37349776220488
d9f515f4-1a78-442b-81c4-55bf5f253b91_5,-7.78035,110.37354278564452,2021-12-06 15:52:39,-7.7803533,110.3736037
d9f515f4-1a78-442b-81c4-55bf5f253b91_5,-7.780347,110.37354278564452,2021-12-06 15:52:49,-7.7803533,110.3736037
d9f515f4-1a78-442b-81c4-55bf5f253b91_6,-7.78034,110.37354278564452,2021-12-06 16:04:34,-7.780353087148553,110.3736037456958
d9f515f4-1a78-442b-81c4-55bf5f253b91_6,-7.780337,110.37354,2021-12-06 16:04:43,-7.780336755658331,110.37354006352446
d9f515f4-1a78-442b-81c4-55bf5f253b91_6,-7.78036,110.37356,2021-12-06 16:06:34,-7.7803533,110.3736037
d9f515f4-1a78-442b-81c4-55bf5f253b91_6,-7.780344,110.37355041503906,2021-12-06 16:06:43,-7.7803533,110.3736037
d9f515f4-1a78-442b-81c4-55bf5f253b91_6,-7.78035,110.37353,2021-12-06 16:08:34,-7.7803351434843915,110.37353386242745
d9f515f4-1a78-442b-81c4-55bf5f253b91_6,-7.78036,110.37354,2021-12-06 16:08:43,-7.7803533,110.3736037
d9f515f4-1a78-442b-81c4-55bf5f253b91_7,-7.780338,110.37354278564452,2021-12-06 16:25:33,-7.780337497336088,110.37354291632812
d9f515f4-1a78-442b-81c4-55bf5f253b91_7,-7.78036,110.37354,2021-12-06 16:25:44,-7.7803533,110.3736037
d9f515f4-1a78-442b-81c4-55bf5f253b91_7,-7.78031,110.37354278564452,2021-12-06 16:30:03,-7.780324408906537,110.37360990245594
d9f515f4-1a78-442b-81c4-55bf5f253b91_7,-7.78032,110.37352752685548,2021-12-06 16:30:54,-7.780332641876486,110.37352424019446
d9f515f4-1a78-442b-81c4-55bf5f253b91_7,-7.78034,110.37352752685548,2021-12-06 16:31:33,-7.7803339081046525,110.37352911063896
d9f515f4-1a78-442b-81c4-55bf5f253b91_7,-7.78035,110.37354278564452,2021-12-06 16:31:44,-7.7803533,110.3736037
d9f515f4-1a78-442b-81c4-55bf5f253b91_7,-7.78034,110.37352752685548,2021-12-06 16:34:33,-7.7803533,110.3736037
d9f515f4-1a78-442b-81c4-55bf5f253b91_7,-7.78034,110.37352752685548,2021-12-06 16:34:44,-7.7803339081046525,110.37352911063896
d9f515f4-1a78-442b-81c4-55bf5f253b91_7,-7.78034,110.37354278564452,2021-12-06 16:40:10,-7.780353087148553,110.3736037456958
d9f515f4-1a78-442b-81c4-55bf5f253b91_7,-7.78033,110.37352752685548,2021-12-06 16:40:25,-7.78033327499057,110.3735266754167
d9f515f4-1a78-442b-81c4-55bf5f253b91_8,-7.780349,110.373535,2021-12-06 17:00:30,-7.780358860791094,110.3736028923419
d9f515f4-1a78-442b-81c4-55bf5f253b91_8,-7.78035,110.37353,2021-12-06 17:00:45,-7.780360551336742,110.37360264680439
d9f515f4-1a78-442b-81c4-55bf5f253b91_8,-7.780348,110.37345,2021-12-06 17:05:37,-7.7803155350835995,110.37345844029568
d9f515f4-1a78-442b-81c4-55bf5f253b91_8,-7.78036,110.37345,2021-12-06 17:05:47,-7.7803162948205005,110.37346136256238
d9f515f4-1a78-442b-81c4-55bf5f253b91_8,-7.78035,110.37346649169922,2021-12-06 17:10:36,-7.780319677801698,110.37347437492664
d9f515f4-1a78-442b-81c4-55bf5f253b91_8,-7.780346,110.37347412109376,2021-12-06 17:10:46,-7.7803212824831975,110.37348054720457
d9f515f4-1a78-442b-81c4-55bf5f253b91_8,-7.7799,110.37370300292967,2021-12-06 17:15:36,-7.779902956543947,110.37370261956744
d9f515f4-1a78-442b-81c4-55bf5f253b91_8,-7.779895,110.37370300292967,2021-12-06 17:15:46,-7.779902873868069,110.37370198195934
d9f515f4-1a78-442b-81c4-55bf5f253b91_8,-7.77992,110.37368774414062,2021-12-06 17:16:39,-7.779901341421963,110.37369016351754
d9f515f4-1a78-442b-81c4-55bf5f253b91_8,-7.77992,110.37368774414062,2021-12-06 17:16:49,-7.779901341421963,110.37369016351754
d9f515f4-1a78-442b-81c4-55bf5f253b91_8,-7.78032,110.37354,2021-12-06 17:17:04,-7.780335679364389,110.37353592364663
d9f515f4-1a78-442b-81c4-55bf5f253b91_8,-7.780321,110.37354,2021-12-06 17:17:53,-7.780335495946779,110.37360752224563
d9f515f4-1a78-442b-81c4-55bf5f253b91_8,-7.780343,110.37346649169922,2021-12-06 17:19:37,-7.7803533,110.3736037
d9f515f4-1a78-442b-81c4-55bf5f253b91_8,-7.78034,110.37345123291016,2021-12-06 17:19:47,-7.780315328833356,110.37345764697075
d9f515f4-1a78-442b-81c4-55bf5f253b91_8,-7.78035,110.37348175048828,2021-12-06 17:20:34,-7.7803674143951005,110.37360165000294
d9f515f4-1a78-442b-81c4-55bf5f253b91_8,-7.78036,110.37347,2021-12-06 17:20:43,-7.7803533,110.3736037
d9f515f4-1a78-442b-81c4-55bf5f253b91_8,-7.78035,110.37345886230467,2021-12-06 17:23:38,-7.7803533,110.3736037
d9f515f4-1a78-442b-81c4-55bf5f253b91_8,-7.78033,110.37346,2021-12-06 17:23:48,-7.780316830700494,110.37346342378154
d9f515f4-1a78-442b-81c4-55bf5f253b91_8,-7.78036,110.37346649169922,2021-12-06 17:24:38,-7.7803533,110.3736037
d9f515f4-1a78-442b-81c4-55bf5f253b91_8,-7.78036,110.37346649169922,2021-12-06 17:24:48,-7.780320310915782,110.37347681014889
d9f515f4-1a78-442b-81c4-55bf5f253b91_8,-7.78037,110.37347,2021-12-06 17:25:04,-7.780321798379076,110.37348253155645
d9f515f4-1a78-442b-81c4-55bf5f253b91_8,-7.78038,110.37348,2021-12-06 17:25:53,-7.7803533,110.3736037
d9f515f4-1a78-442b-81c4-55bf5f253b91_8,-7.78034,110.37346649169922,2021-12-06 17:26:03,-7.780319044687615,110.37347193970439
d9f515f4-1a78-442b-81c4-55bf5f253b91_8,-7.78036,110.37346649169922,2021-12-06 17:26:54,-7.780320310915782,110.37347681014889
d9f515f4-1a78-442b-81c4-55bf5f253b91_8,-7.78036,110.37351,2021-12-06 17:27:03,-7.78033090615398,110.37351756387787
d9f515f4-1a78-442b-81c4-55bf5f253b91_8,-7.78036,110.37352,2021-12-06 17:27:54,-7.7803717671535875,110.37360101780142
d9f515f4-1a78-442b-81c4-55bf5f253b91_8,-7.78037,110.3734893798828,2021-12-06 17:28:09,-7.7803533,110.3736037
d9f515f4-1a78-442b-81c4-55bf5f253b91_8,-7.78036,110.37349,2021-12-06 17:28:59,-7.7803533,110.3736037
d9f515f4-1a78-442b-81c4-55bf5f253b91_8,-7.78034,110.37348175048828,2021-12-06 17:31:13,-7.780357620988164,110.37360307241285
d9f515f4-1a78-442b-81c4-55bf5f253b91_8,-7.78035,110.37346649169922,2021-12-06 17:31:24,-7.780319677801698,110.37347437492664
d9f515f4-1a78-442b-81c4-55bf5f253b91_8,-7.78036,110.3734893798828,2021-12-06 17:32:13,-7.7803533,110.3736037
d9f515f4-1a78-442b-81c4-55bf5f253b91_8,-7.78036,110.3734893798828,2021-12-06 17:32:24,-7.7803533,110.3736037
d9f515f4-1a78-442b-81c4-55bf5f253b91_8,-7.78035,110.37348,2021-12-06 17:34:14,-7.780322967373157,110.37348702799787
d9f515f4-1a78-442b-81c4-55bf5f253b91_8,-7.78035,110.37348175048828,2021-12-06 17:34:23,-7.7803533,110.3736037
d9f515f4-1a78-442b-81c4-55bf5f253b91_8,-7.780335,110.37347412109376,2021-12-06 17:36:18,-7.780320586057706,110.3734778684601
d9f515f4-1a78-442b-81c4-55bf5f253b91_8,-7.78035,110.37348175048828,2021-12-06 17:36:28,-7.780323393655957,110.37348866766027
d9f515f4-1a78-442b-81c4-55bf5f253b91_8,-7.78036,110.37349700927734,2021-12-06 17:38:19,-7.7803533,110.3736037
d9f515f4-1a78-442b-81c4-55bf5f253b91_8,-7.78036,110.37349700927734,2021-12-06 17:38:29,-7.7803533,110.3736037
d9f515f4-1a78-442b-81c4-55bf5f253b91_8,-7.78035,110.37348175048828,2021-12-06 17:40:01,-7.7803533,110.3736037
d9f515f4-1a78-442b-81c4-55bf5f253b91_8,-7.78035,110.37348175048828,2021-12-06 17:40:52,-7.780323393655957,110.37348866766027
d9f515f4-1a78-442b-81c4-55bf5f253b91_8,-7.77765,110.37577056884766,2021-12-06 17:45:03,-7.777697793117805,110.37576324918096
d9f515f4-1a78-442b-81c4-55bf5f253b91_8,-7.77766,110.37578,2021-12-06 17:45:54,-7.777660312494733,110.37578196471603
d9f515f4-1a78-442b-81c4-55bf5f253b91_8,-7.77613,110.37484741210938,2021-12-06 17:46:07,-7.776121129748436,110.3748478123065
d9f515f4-1a78-442b-81c4-55bf5f253b91_8,-7.77614,110.37486267089844,2021-12-06 17:46:57,-7.776121837091175,110.37486349035026
d9f515f4-1a78-442b-81c4-55bf5f253b91_8,-7.77306,110.37566375732422,2021-12-06 17:47:07,-7.773045433604719,110.37562934559128
d9f515f4-1a78-442b-81c4-55bf5f253b91_8,-7.773041,110.37564849853516,2021-12-06 17:47:57,-7.773034798257948,110.37563384750537
